                  epoch,         train/box_loss,         train/cls_loss,         train/dfl_loss,   metrics/precision(B),      metrics/recall(B),       metrics/mAP50(B),    metrics/mAP50-95(B),           val/box_loss,           val/cls_loss,           val/dfl_loss,                 lr/pg0,                 lr/pg1,                 lr/pg2
                      1,                 1.7206,                 4.1955,                0.86187,                0.40763,                0.05523,                0.02594,                0.01423,                 1.2157,                 4.0618,                0.80182,             0.00023403,             0.00023403,             0.00023403
                      2,                 1.2845,                 2.8244,                0.80768,                0.09099,                0.28905,                0.09871,                0.07207,                 1.0306,                 2.9875,                0.79924,             0.00037857,             0.00037857,             0.00037857
                      3,                 1.1865,                 1.8904,                  0.807,                0.15809,                0.60608,                0.16437,                0.12308,                0.89921,                 3.6652,                0.79141,             0.00042886,             0.00042886,             0.00042886
                      4,                 1.0819,                 1.4546,                0.80477,                 0.1818,                0.61269,                0.19358,                0.14782,                0.87846,                 2.9586,                0.79045,             0.00028988,             0.00028988,             0.00028988
                      5,                 1.0509,                 1.3072,                0.80271,                0.16063,                0.67867,                0.19235,                0.14399,                0.90567,                 3.5447,                0.79064,             0.00028988,             0.00028988,             0.00028988
